{
  "cvr_rollout": {
    "C1_hypotension": 0.009538461454212666,
    "C2_metabolic": 0.01230769231915474,
    "C3_cumulative": 0.1333846151828766,
    "C4_withdrawal": 0.016615385189652443,
    "total_cvr": 0.04296153783798218
  },
  "safe_actions": {
    "intervention_rate": 0.15,
    "interventions": 975,
    "total_steps": 6500,
    "all_unsafe_episodes": 53,
    "safe_C1_hypotension": 0.0001538461510790512,
    "safe_C2_metabolic": 0.01584615372121334,
    "safe_C3_cumulative": 0.005076922941952944,
    "safe_C4_withdrawal": 0.0,
    "safe_total_cvr": 0.005269230809062719
  },
  "bc_accuracy": {
    "top1": 0.055384615384615386,
    "top1_norm": 0.016025641025641028,
    "top3": 0.14246153846153847,
    "top3_norm": 0.02552447552447554,
    "top5": 0.222,
    "top5_norm": 0.02749999999999999,
    "top1_argmax": 0.055384615384615386,
    "fluid_top1": 0.19784615384615384,
    "vaso_top1": 0.232
  },
  "survival_rate": {
    "sr_clinician": 0.6001565977147051,
    "sr_policy": 0.6193139780201378,
    "delta_sr": 0.01915738030543268,
    "ci_lo": 0.01610020200500229,
    "ci_hi": 0.02239877227194121,
    "n_patients": 325,
    "survival_rate": 0.6001565977147051,
    "n_trajectories": 325,
    "n_survived": 198
  },
  "fqe": {
    "v_fqe": 7.20993520443256,
    "v_fqe_std": 0.5604190543154001,
    "v_wis_clinician": -8.66512138405465,
    "delta_v": 15.875056588487212,
    "val_bellman_loss": 9.723353385925293,
    "n_epochs_trained": 28,
    "fqe_value": 7.20993520443256,
    "fqe_std": 0.5604190543154001,
    "fqe_value_list": [
      7.836506366729736,
      7.044763565063477,
      7.7585906982421875,
      6.464583396911621,
      7.012819290161133,
      7.05900764465332,
      8.078570365905762,
      7.150934219360352,
      7.236145496368408,
      6.8820648193359375,
      6.754027843475342,
      7.785054683685303,
      7.232571125030518,
      6.342228889465332,
      7.15247917175293,
      6.799941062927246,
      5.601443767547607,
      7.612484455108643,
      8.76757526397705,
      7.497206211090088,
      7.509077548980713,
      7.553011417388916,
      6.68329381942749,
      6.506539344787598,
      7.149810314178467,
      7.918427467346191,
      6.770283222198486,
      7.229986667633057,
      7.221524715423584,
      7.894032001495361,
      7.648737907409668,
      6.232209205627441,
      7.0764336585998535,
      6.747097969055176,
      7.069595813751221,
      6.80963659286499,
      7.906407356262207,
      7.282557010650635,
      7.100734233856201,
      6.855127334594727,
      8.12112808227539,
      7.468541145324707,
      7.455589294433594,
      6.782041549682617,
      6.571024417877197,
      7.371251106262207,
      7.120448112487793,
      7.239843368530273,
      6.66080379486084,
      6.666884899139404,
      7.359969139099121,
      8.01550579071045,
      6.894696235656738,
      7.259738445281982,
      6.437829494476318,
      7.7085347175598145,
      7.285807132720947,
      7.770658016204834,
      6.535602569580078,
      6.109402179718018,
      8.468409538269043,
      7.215119361877441,
      7.738747596740723,
      6.501941204071045,
      6.998912334442139,
      7.83670711517334,
      7.5126495361328125,
      7.117082118988037,
      5.386478424072266,
      6.886996746063232,
      7.210824012756348,
      7.968116283416748,
      7.433404445648193,
      7.149511337280273,
      7.05600118637085,
      6.878078937530518,
      7.585003852844238,
      7.582920551300049,
      6.253121852874756,
      7.078987121582031,
      6.109085559844971,
      7.069337844848633,
      7.6100616455078125,
      6.091370582580566,
      6.634824275970459,
      7.96397590637207,
      7.981679916381836,
      6.240433216094971,
      7.865499973297119,
      7.310222148895264,
      7.424638271331787,
      6.010339736938477,
      7.2388811111450195,
      7.701065540313721,
      6.770380020141602,
      6.9826178550720215,
      6.894128799438477,
      8.272323608398438,
      7.151967525482178,
      6.914517879486084,
      8.214629173278809,
      7.629365921020508,
      6.816490173339844,
      7.384184837341309,
      8.473745346069336,
      6.055137634277344,
      7.428384304046631,
      8.536538124084473,
      7.569973945617676,
      7.961704730987549,
      7.790196418762207,
      7.8317484855651855,
      6.780571937561035,
      7.834260940551758,
      6.928276062011719,
      7.769606113433838,
      7.933681964874268,
      6.391763210296631,
      8.177258491516113,
      7.359264373779297,
      6.8487868309021,
      8.304525375366211,
      7.867973804473877,
      7.005049228668213,
      7.2674407958984375,
      8.269598007202148,
      5.426779270172119,
      7.103361129760742,
      7.276054382324219,
      7.056972980499268,
      7.368728160858154,
      7.173036098480225,
      7.336944103240967,
      7.905276298522949,
      7.739586353302002,
      7.529738426208496,
      8.088479042053223,
      6.363647937774658,
      7.204788684844971,
      7.819336414337158,
      7.212138652801514,
      7.477626800537109,
      5.897639274597168,
      7.537875175476074,
      7.222804069519043,
      6.943789482116699,
      7.07653284072876,
      6.961464881896973,
      7.737035274505615,
      7.652426242828369,
      7.311929225921631,
      7.820593357086182,
      6.425451278686523,
      7.740106105804443,
      7.0005269050598145,
      6.792184829711914,
      7.53776741027832,
      7.8830742835998535,
      7.528939247131348,
      6.783890247344971,
      6.729695796966553,
      7.9791765213012695,
      6.765356063842773,
      7.411877155303955,
      7.365948677062988,
      6.601681232452393,
      8.316086769104004,
      7.482231140136719,
      6.574533462524414,
      7.560332775115967,
      7.020282745361328,
      7.3149285316467285,
      7.9857072830200195,
      7.234689712524414,
      7.102705001831055,
      7.105464458465576,
      6.9291229248046875,
      6.912630081176758,
      8.44636344909668,
      6.771353721618652,
      7.099337100982666,
      7.835848331451416,
      7.626402854919434,
      7.665764808654785,
      8.014266967773438,
      7.648887634277344,
      6.84837532043457,
      7.153982639312744,
      7.625637054443359,
      6.764390468597412,
      6.985074520111084,
      8.527032852172852,
      7.672592639923096,
      6.260389804840088,
      7.923382759094238,
      5.842650413513184,
      7.398555278778076,
      7.010167121887207,
      6.990037441253662,
      7.972502708435059,
      7.892977714538574,
      6.999497890472412,
      6.785937309265137,
      6.222803592681885,
      7.0223212242126465,
      6.5832109451293945,
      8.100284576416016,
      6.763392925262451,
      6.953075408935547,
      7.096717357635498,
      7.162736892700195,
      7.19705057144165,
      7.075445652008057,
      6.80593204498291,
      7.4810380935668945,
      5.8122687339782715,
      6.867347717285156,
      6.490626335144043,
      6.968013763427734,
      7.641792297363281,
      7.369311332702637,
      7.157318115234375,
      7.153724670410156,
      7.039104461669922,
      7.163990020751953,
      7.695404529571533,
      6.507824897766113,
      7.185379505157471,
      7.210454940795898,
      6.678185939788818,
      7.228493690490723,
      7.193603515625,
      6.729872226715088,
      6.857524871826172,
      6.994287014007568,
      6.972439765930176,
      6.582744121551514,
      7.441466331481934,
      7.5989155769348145,
      7.956154823303223,
      7.485570430755615,
      6.836427211761475,
      6.307493686676025,
      7.456115245819092,
      7.367493629455566,
      6.603124141693115,
      7.311067581176758,
      6.908132076263428,
      6.462080478668213,
      7.524573802947998,
      6.687617778778076,
      7.814774990081787,
      7.14499568939209,
      6.959329605102539,
      7.115065574645996,
      7.57955265045166,
      7.470780372619629,
