{
  "method": "random",
  "cvr_rollout": {
    "C1_hypotension": 0.02846153825521469,
    "C2_metabolic": 0.03415384516119957,
    "C3_cumulative": 0.02123076841235161,
    "C4_withdrawal": 0.0216923076659441,
    "total_cvr": 0.026384614408016205
  },
  "safe_actions": {
    "intervention_rate": 0.16692307692307692,
    "interventions": 1085,
    "total_steps": 6500,
    "blocked_per_constraint": [
      954,
      0,
      0,
      174
    ],
    "all_unsafe_episodes": 0,
    "safe_C1_hypotension": 0.0,
    "safe_C2_metabolic": 0.08138461410999298,
    "safe_C3_cumulative": 0.0,
    "safe_C4_withdrawal": 0.0,
    "safe_total_cvr": 0.020346153527498245
  },
  "bc_accuracy": {
    "top1": 0.01876923076923077,
    "top1_norm": 0.0,
    "top3": 0.11676923076923076,
    "top3_norm": 0.0,
    "top5": 0.196,
    "top5_norm": 0.0,
    "top1_argmax": 0.01876923076923077,
    "fluid_top1": 0.196,
    "vaso_top1": 0.05723076923076923
  },
  "survival_rate": {
    "sr_clinician": 0.6001565977147051,
    "sr_policy": 0.6071587507592386,
    "delta_sr": 0.0070021530445335545,
    "ci_lo": 0.0047835658220324985,
    "ci_hi": 0.00944700116178315,
    "n_patients": 325,
    "survival_rate": 0.6001565977147051,
    "n_trajectories": 325,
    "n_survived": 198
  },
  "fqe": {
    "v_fqe": 2.6656036566770993,
    "v_fqe_std": 0.9536043877144992,
    "v_wis_clinician": 0.0,
    "delta_v": 2.6656036566770993,
    "val_bellman_loss": 9.634078025817871,
    "n_epochs_trained": 39,
    "fqe_value": 2.6656036566770993,
    "fqe_std": 0.9536043877144992,
    "fqe_value_list": [
      2.41072940826416,
      2.298271894454956,
      2.210862874984741,
      4.265530586242676,
      2.0275774002075195,
      1.804672122001648,
      2.6692867279052734,
      3.206092119216919,
      2.639277696609497,
      1.4125028848648071,
      3.7460527420043945,
      2.086280107498169,
      4.00183629989624,
      3.7031009197235107,
      2.86625599861145,
      2.955315113067627,
      3.3826231956481934,
      2.072636127471924,
      4.470601558685303,
      2.7050986289978027,
      3.0181965827941895,
      2.6220502853393555,
      3.0154387950897217,
      2.3959155082702637,
      1.7511235475540161,
      4.45178747177124,
      2.093752384185791,
      2.980329990386963,
      0.9600809812545776,
      1.5056352615356445,
      2.954169988632202,
      1.6624051332473755,
      3.192864179611206,
      2.596038818359375,
      3.1861541271209717,
      2.675654888153076,
      2.465296745300293,
      4.128543376922607,
      2.148592472076416,
      2.2354133129119873,
      4.06609582901001,
      2.38322377204895,
      1.9756639003753662,
      2.7463181018829346,
      1.968333125114441,
      2.3570516109466553,
      2.740805149078369,
      1.990335464477539,
      3.373983144760132,
      2.7341105937957764,
      2.413306713104248,
      2.9386422634124756,
      3.285452127456665,
      1.9288525581359863,
      4.031509876251221,
      1.2647016048431396,
      2.0817131996154785,
      2.456044912338257,
      2.884287118911743,
      1.8752856254577637,
      4.725399971008301,
      2.412998676300049,
      1.7422071695327759,
      4.281940460205078,
      2.714827299118042,
      1.347764492034912,
      2.4313225746154785,
      2.1535122394561768,
      2.594881296157837,
      2.3827710151672363,
      2.620365619659424,
      3.241347551345825,
      4.032742977142334,
      1.4357832670211792,
      0.3466382622718811,
      2.1062135696411133,
      2.960172653198242,
      2.770724058151245,
      2.8692424297332764,
      2.0579276084899902,
      2.626223087310791,
      2.249746799468994,
      2.1918697357177734,
      1.7076137065887451,
      3.357573986053467,
      0.4560388922691345,
      4.814137935638428,
      2.5815441608428955,
      2.584625482559204,
      2.1629717350006104,
      2.7708828449249268,
      2.5355923175811768,
      2.4810988903045654,
      2.4280037879943848,
      2.0928189754486084,
      4.082107067108154,
      3.3264224529266357,
      2.123851776123047,
      2.653672933578491,
      2.2878198623657227,
      3.0850651264190674,
      4.156357765197754,
      2.6935248374938965,
      2.9673609733581543,
      3.155524969100952,
      2.475921392440796,
      3.8217742443084717,
      2.2337281703948975,
      3.2491681575775146,
      4.032041549682617,
      3.3015263080596924,
      4.584015369415283,
      3.3574655055999756,
      2.6397037506103516,
      0.031551964581012726,
      3.0723235607147217,
      2.9119365215301514,
      1.4441022872924805,
      2.4572503566741943,
      2.827347993850708,
      1.303602695465088,
      3.123324155807495,
      1.702653408050537,
      2.048023223876953,
      2.246737003326416,
      2.3001534938812256,
      1.8669564723968506,
      2.4406793117523193,
      2.500960111618042,
      2.057771921157837,
      3.5433883666992188,
      2.550887107849121,
      3.254645586013794,
      2.5839200019836426,
      -0.3469674587249756,
      2.7281017303466797,
      2.3371565341949463,
      2.3406598567962646,
      2.231675624847412,
      2.2969911098480225,
      3.124751329421997,
      2.9588513374328613,
      3.9441826343536377,
      3.6412856578826904,
      3.0863661766052246,
      1.8910248279571533,
      3.610823392868042,
      5.173059463500977,
      1.8176902532577515,
      3.717545986175537,
      2.5947985649108887,
      3.456544876098633,
      1.9650676250457764,
      2.6373369693756104,
      2.9414315223693848,
      3.3031840324401855,
      3.4148826599121094,
      3.8959853649139404,
      1.3576178550720215,
      2.6584854125976562,
      -1.2516627311706543,
      2.7873542308807373,
      2.5574657917022705,
      2.429095983505249,
      3.4185872077941895,
      2.6348702907562256,
      2.0674571990966797,
      2.8803212642669678,
      2.071239709854126,
      1.7576878070831299,
      3.2408926486968994,
      2.868577718734741,
      3.8060479164123535,
      2.49184513092041,
      2.93432879447937,
      3.320657730102539,
      3.1793880462646484,
      2.825775384902954,
      3.0910918712615967,
      1.8801053762435913,
      3.3991260528564453,
      1.089211106300354,
      3.2451260089874268,
      3.592000722885132,
      2.220149278640747,
      3.5673367977142334,
      3.087226390838623,
      2.3679192066192627,
      -0.11300422996282578,
      3.0207860469818115,
      2.559709072113037,
      5.746703624725342,
      2.436149835586548,
      2.7279021739959717,
      1.5886610746383667,
      2.449028730392456,
      1.9722768068313599,
      1.4203976392745972,
      1.9171979427337646,
      -0.939346432685852,
      2.3050312995910645,
      3.649685859680176,
      1.6786974668502808,
      2.713993787765503,
      -0.33922454714775085,
      2.770109176635742,
      2.8388471603393555,
      1.4160957336425781,
      3.1703360080718994,
      4.242455005645752,
      2.7238070964813232,
      2.706019639968872,
      0.753542423248291,
      2.7094502449035645,
      2.8291990756988525,
      4.712181091308594,
      3.2406344413757324,
      2.2595160007476807,
      1.8686939477920532,
      1.3279027938842773,
      2.52605938911438,
      3.3213961124420166,
      3.150768518447876,
      2.6444313526153564,
      3.453218460083008,
      2.9953386783599854,
      3.1563961505889893,
      2.87673282623291,
      3.181302070617676,
      2.3931729793548584,
      4.457810401916504,
      2.3464126586914062,
      4.19496488571167,
      2.242534637451172,
      2.5666005611419678,
      3.7175145149230957,
      0.1314363330602646,
      2.700775623321533,
      1.9919912815093994,
      3.950866222381592,
      2.049021005630493,
      3.324819326400757,
      4.007547855377197,
      5.28105354309082,
      1.5035039186477661,
      4.183665752410889,
      3.452380895614624,
      3.1699938774108887,
      3.119704484939575,
      1.7311666011810303,
      2.0166635513305664,
