{
  "method": "dqn",
  "cvr_rollout": {
    "C1_hypotension": 0.14646153151988983,
    "C2_metabolic": 0.0,
    "C3_cumulative": 0.0,
    "C4_withdrawal": 0.0012307692086324096,
    "total_cvr": 0.03692307695746422
  },
  "safe_actions": {
    "intervention_rate": 0.16692307692307692,
    "interventions": 1085,
    "total_steps": 6500,
    "blocked_per_constraint": [
      952,
      0,
      27,
      172
    ],
    "all_unsafe_episodes": 17,
    "safe_C1_hypotension": 0.0006153846043162048,
    "safe_C2_metabolic": 0.002461538417264819,
    "safe_C3_cumulative": 0.001076923101209104,
    "safe_C4_withdrawal": 0.0001538461510790512,
    "safe_total_cvr": 0.001076923101209104
  },
  "bc_accuracy": {
    "top1": 0.016153846153846154,
    "top1_norm": 0.0,
    "top3": 0.046153846153846156,
    "top3_norm": 0.0,
    "top5": 0.09507692307692307,
    "top5_norm": 0.0,
    "top1_argmax": 0.016153846153846154,
    "fluid_top1": 0.19584615384615384,
    "vaso_top1": 0.057846153846153846
  },
  "survival_rate": {
    "sr_clinician": 0.6001565977147051,
    "sr_policy": 0.6637995364203995,
    "delta_sr": 0.06364293870569437,
    "ci_lo": 0.061304226097966395,
    "ci_hi": 0.06600849662687365,
    "n_patients": 325,
    "survival_rate": 0.6001565977147051,
    "n_trajectories": 325,
    "n_survived": 198
  },
  "fqe": {
    "v_fqe": 6.527568118755634,
    "v_fqe_std": 0.6595931271851654,
    "v_wis_clinician": 0.0,
    "delta_v": 6.527568118755634,
    "val_bellman_loss": 9.495460510253906,
    "n_epochs_trained": 35,
    "fqe_value": 6.527568118755634,
    "fqe_std": 0.6595931271851654,
    "fqe_value_list": [
      6.433650970458984,
      7.112046718597412,
      6.619282245635986,
      7.48924446105957,
      6.564987659454346,
      6.431423187255859,
      5.9623847007751465,
      6.222379207611084,
      6.452613353729248,
      6.36973237991333,
      6.475898742675781,
      6.5594282150268555,
      5.009418487548828,
      6.425447940826416,
      6.407895088195801,
      6.057946681976318,
      7.407710552215576,
      6.352234363555908,
      6.919712543487549,
      6.518249034881592,
      6.9067769050598145,
      6.391046047210693,
      6.997028350830078,
      6.665491104125977,
      5.339268207550049,
      5.975233554840088,
      6.111752510070801,
      7.596141815185547,
      6.732375621795654,
      6.254390239715576,
      6.821706771850586,
      5.769102573394775,
      6.4959716796875,
      5.794422626495361,
      6.8557353019714355,
      6.33889102935791,
      7.0659356117248535,
      6.978964328765869,
      7.066263198852539,
      6.762338161468506,
      6.8817853927612305,
      7.8196282386779785,
      7.542504787445068,
      7.149898052215576,
      7.5448899269104,
      6.829728126525879,
      6.6555094718933105,
      6.731448650360107,
      6.628444194793701,
      6.437652111053467,
      7.154788017272949,
      6.922165870666504,
      6.810492992401123,
      7.304763317108154,
      6.970022201538086,
      7.282565593719482,
      5.917789459228516,
      6.284626483917236,
      6.6652727127075195,
      5.8654866218566895,
      7.270610332489014,
      5.922929286956787,
      6.207143306732178,
      5.9802117347717285,
      6.618506908416748,
      5.618318557739258,
      6.731425762176514,
      4.671302795410156,
      6.260875225067139,
      7.3693108558654785,
      6.61335563659668,
      6.910359859466553,
      6.1808576583862305,
      5.689276695251465,
      6.243896961212158,
      5.966697692871094,
      7.435288429260254,
      6.9371337890625,
      6.894883632659912,
      7.889786243438721,
      6.712827682495117,
      6.8039231300354,
      6.603775501251221,
      8.010946273803711,
      6.548829078674316,
      6.515328884124756,
      7.205316066741943,
      8.39237117767334,
      6.910736083984375,
      6.533833980560303,
      7.065001010894775,
      6.4915385246276855,
      5.834075927734375,
      7.205556392669678,
      5.970087051391602,
      6.824122905731201,
      7.416421890258789,
      7.868895530700684,
      6.482468128204346,
      6.042108058929443,
      6.383082866668701,
      6.189358711242676,
      6.975276947021484,
      6.973392486572266,
      7.390060901641846,
      6.614108085632324,
      5.411581039428711,
      6.838525295257568,
      6.1265106201171875,
      6.5079121589660645,
      6.994827747344971,
      6.821282863616943,
      6.689480781555176,
      6.629459857940674,
      5.140989303588867,
      7.391046524047852,
      6.614206790924072,
      5.396987438201904,
      7.31032657623291,
      6.826105117797852,
      6.1298675537109375,
      6.476884365081787,
      6.632063865661621,
      6.085759162902832,
      5.545252799987793,
      6.05144739151001,
      6.807305812835693,
      6.552360534667969,
      7.2697672843933105,
      6.259618759155273,
      7.790552616119385,
      6.857046127319336,
      6.800062656402588,
      6.2965521812438965,
      6.926557540893555,
      5.392946720123291,
      6.117681980133057,
      5.819408893585205,
      6.594105243682861,
      6.552901744842529,
      7.487030982971191,
      4.973299026489258,
      8.045501708984375,
      6.673131465911865,
      5.950743198394775,
      7.19533634185791,
      7.3550496101379395,
      6.379850387573242,
      7.699429512023926,
      6.716188907623291,
      6.602413177490234,
      7.370179653167725,
      6.6382737159729,
      5.960742950439453,
      6.377751350402832,
      5.415538311004639,
      7.283812522888184,
      6.816367149353027,
      6.308603286743164,
      5.06674861907959,
      6.565999507904053,
      6.152107238769531,
      6.872297286987305,
      6.514342784881592,
      7.444453716278076,
      6.501580715179443,
      6.667409896850586,
      6.194010257720947,
      6.494068145751953,
      7.489567279815674,
      6.878485202789307,
      4.986958026885986,
      6.242547035217285,
      7.484561443328857,
      6.266063690185547,
      6.667510986328125,
      6.456423282623291,
      6.734074592590332,
      6.650370121002197,
      7.8300395011901855,
      7.68617057800293,
      6.397825717926025,
      7.0570855140686035,
      7.806728363037109,
      6.11746883392334,
      5.92471170425415,
      6.903964996337891,
      6.364020347595215,
      6.638118267059326,
      5.66779088973999,
      6.391253471374512,
      6.958076477050781,
      5.796249866485596,
      6.034080505371094,
      6.17124605178833,
      6.930638790130615,
      7.7921061515808105,
      7.138421058654785,
      6.788687705993652,
      6.6579461097717285,
      6.2287373542785645,
      7.541001796722412,
      6.737244606018066,
      6.551436424255371,
      6.392552852630615,
      5.859567165374756,
      7.214199066162109,
      6.9503865242004395,
      7.018884181976318,
      6.451907634735107,
      6.394339084625244,
      7.230060577392578,
      4.526932239532471,
      7.17246675491333,
      5.907220363616943,
      6.487396717071533,
      6.343949794769287,
      5.759836196899414,
      6.860394477844238,
      5.764018535614014,
      6.477583885192871,
      6.609637260437012,
      7.141078948974609,
      6.06239128112793,
      4.916921138763428,
      7.200290679931641,
      6.3148040771484375,
      6.84700870513916,
      6.358351707458496,
      6.624725341796875,
      6.8211236000061035,
      6.025907516479492,
      7.651883602142334,
      7.397923946380615,
      6.076250076293945,
      5.9947509765625,
      6.696742534637451,
      6.224843978881836,
      6.36848783493042,
      6.989628314971924,
      6.585672855377197,
      6.565219402313232,
      6.511343002319336,
      7.300995826721191,
      6.088233470916748,
      6.307459354400635,
      6.443679332733154,
      6.843486309051514,
      6.711117744445801,
      6.4684929847717285,
      5.115548610687256,
      7.732620716094971,
      6.6605000495910645,
      6.120728015899658,
