{
  "method": "iql",
  "cvr_rollout": {
    "C1_hypotension": 0.03138461709022522,
    "C2_metabolic": 0.009692307561635971,
    "C3_cumulative": 0.235846146941185,
    "C4_withdrawal": 0.016307692974805832,
    "total_cvr": 0.07330768555402756
  },
  "safe_actions": {
    "intervention_rate": 0.22,
    "interventions": 1430,
    "total_steps": 6500,
    "blocked_per_constraint": [
      204,
      0,
      1152,
      109
    ],
    "all_unsafe_episodes": 240,
    "safe_C1_hypotension": 0.0006153846043162048,
    "safe_C2_metabolic": 0.011538461782038212,
    "safe_C3_cumulative": 0.02769230678677559,
    "safe_C4_withdrawal": 0.0003076923021581024,
    "safe_total_cvr": 0.010038461536169052
  },
  "bc_accuracy": {
    "top1": 0.038307692307692306,
    "top1_norm": 0.0,
    "top3": 0.10923076923076923,
    "top3_norm": 0.0,
    "top5": 0.18353846153846154,
    "top5_norm": 0.0,
    "top1_argmax": 0.038307692307692306,
    "fluid_top1": 0.18553846153846154,
    "vaso_top1": 0.18661538461538463
  },
  "survival_rate": {
    "sr_clinician": 0.6001565977147051,
    "sr_policy": 0.6351477617337667,
    "delta_sr": 0.03499116401906166,
    "ci_lo": 0.03221755032795979,
    "ci_hi": 0.03795785485529771,
    "n_patients": 325,
    "survival_rate": 0.6001565977147051,
    "n_trajectories": 325,
    "n_survived": 198
  },
  "fqe": {
    "v_fqe": 8.300641193389893,
    "v_fqe_std": 0.4365270379233201,
    "v_wis_clinician": 0.0,
    "delta_v": 8.300641193389893,
    "val_bellman_loss": 9.994497299194336,
    "n_epochs_trained": 28,
    "fqe_value": 8.300641193389893,
    "fqe_std": 0.4365270379233201,
    "fqe_value_list": [
      8.598487854003906,
      8.861946105957031,
      8.658397674560547,
      7.800876140594482,
      7.811923980712891,
      8.177645683288574,
      8.857012748718262,
      7.703251361846924,
      8.408712387084961,
      8.412186622619629,
      8.093478202819824,
      8.656768798828125,
      7.946847915649414,
      8.844986915588379,
      7.934105396270752,
      8.116292953491211,
      7.62089204788208,
      8.589174270629883,
      9.580599784851074,
      8.63129997253418,
      7.88215970993042,
      7.632699012756348,
      8.476178169250488,
      7.7867889404296875,
      7.969523906707764,
      8.648560523986816,
      7.8348188400268555,
      8.746766090393066,
      7.5359578132629395,
      8.09323787689209,
      8.550232887268066,
      8.70736312866211,
      7.8128132820129395,
      7.886638164520264,
      8.592079162597656,
      7.892504692077637,
      8.230339050292969,
      8.493706703186035,
      7.956803798675537,
      7.747990608215332,
      8.826358795166016,
      8.364715576171875,
      8.051813125610352,
      7.730763912200928,
      8.002685546875,
      8.352002143859863,
      7.870016098022461,
      8.985360145568848,
      8.53530216217041,
      8.000750541687012,
      7.8801422119140625,
      9.025995254516602,
      7.883522987365723,
      8.291769981384277,
      8.290946960449219,
      8.728618621826172,
      6.906473636627197,
      8.968850135803223,
      8.273050308227539,
      7.482320785522461,
      9.146674156188965,
      8.624478340148926,
      8.17325496673584,
      8.71647834777832,
      7.871777057647705,
      8.216824531555176,
      8.56991195678711,
      8.356584548950195,
      6.908631801605225,
      8.045121192932129,
      8.361495971679688,
      8.466543197631836,
      8.385852813720703,
      7.875741004943848,
      8.432936668395996,
      8.010562896728516,
      8.623661041259766,
      8.088214874267578,
      8.165884971618652,
      8.32474422454834,
      8.08056640625,
      8.654722213745117,
      8.370774269104004,
      7.731836318969727,
      8.067366600036621,
      8.698637008666992,
      8.853771209716797,
      8.238324165344238,
      8.785056114196777,
      7.290144920349121,
      7.72760534286499,
      8.690654754638672,
      7.627718925476074,
      8.921833992004395,
      7.5870041847229,
      8.037202835083008,
      8.050260543823242,
      8.987285614013672,
      8.349117279052734,
      7.85366153717041,
      9.363091468811035,
      8.560272216796875,
      8.203606605529785,
      8.333715438842773,
      9.116949081420898,
      7.862143516540527,
      8.289920806884766,
      9.081862449645996,
      8.43309497833252,
      8.870361328125,
      8.427656173706055,
      8.439924240112305,
      7.806374549865723,
      8.657079696655273,
      7.862584114074707,
      8.642884254455566,
      8.71088695526123,
      8.13156795501709,
      9.130005836486816,
      8.356719017028809,
      8.038583755493164,
      8.879130363464355,
      7.749627590179443,
      8.926257133483887,
      8.176033973693848,
      9.242300987243652,
      8.116177558898926,
      8.1661958694458,
      8.12969970703125,
      7.581472873687744,
      8.150568008422852,
      7.977260589599609,
      8.200736045837402,
      8.743020057678223,
      8.534444808959961,
      8.084470748901367,
      8.96332836151123,
      8.280625343322754,
      8.332019805908203,
      8.821428298950195,
      7.631730556488037,
      8.174524307250977,
      7.569136142730713,
      8.440061569213867,
      8.56501293182373,
      8.571741104125977,
      8.979599952697754,
      8.003020286560059,
      9.04185962677002,
      8.569161415100098,
      8.477201461791992,
      8.782732009887695,
      7.980652809143066,
      8.565679550170898,
      8.418126106262207,
      8.899935722351074,
      8.649880409240723,
      8.812640190124512,
      8.601057052612305,
      8.232955932617188,
      8.194890975952148,
      8.60128402709961,
      7.686611175537109,
      7.505959987640381,
      8.310887336730957,
      8.322936058044434,
      9.051743507385254,
      8.436199188232422,
      8.159608840942383,
      8.145042419433594,
      7.873777866363525,
      8.163408279418945,
      8.814543724060059,
      8.232098579406738,
      8.504839897155762,
      8.62547492980957,
      8.286221504211426,
      8.333025932312012,
      9.25652027130127,
      7.5591139793396,
      8.291435241699219,
      8.847254753112793,
      8.725454330444336,
      8.492792129516602,
      8.868843078613281,
      8.509772300720215,
      7.737886428833008,
      8.186655044555664,
      8.407132148742676,
      7.484366416931152,
      8.10820198059082,
      9.244415283203125,
      8.372762680053711,
      8.487164497375488,
      8.980721473693848,
      8.129364013671875,
      8.41488265991211,
      7.5059990882873535,
      7.713802814483643,
      8.671533584594727,
      8.684219360351562,
      7.749929904937744,
      7.540353298187256,
      6.615922451019287,
      8.3016357421875,
      7.606895923614502,
      9.044929504394531,
      7.92788028717041,
      7.9198899269104,
      8.437786102294922,
      7.364715099334717,
      8.247118949890137,
      7.876049995422363,
      8.450693130493164,
      8.536721229553223,
      8.490550994873047,
      8.057992935180664,
      8.051170349121094,
      8.178547859191895,
      8.50594711303711,
      8.455001831054688,
      8.270358085632324,
      8.361062049865723,
      8.299063682556152,
      8.407493591308594,
      8.628349304199219,
      8.255881309509277,
      8.074416160583496,
      8.293341636657715,
      7.555840492248535,
      7.9171977043151855,
      8.077415466308594,
      7.942837238311768,
      8.102849960327148,
      8.593778610229492,
      8.069868087768555,
      8.037103652954102,
      8.195446968078613,
      8.578126907348633,
      8.292195320129395,
      8.34984302520752,
      8.41637897491455,
      8.514777183532715,
      8.286490440368652,
      8.626977920532227,
      8.74241828918457,
      8.684303283691406,
      7.973878860473633,
      7.897090435028076,
      8.408363342285156,
      8.024955749511719,
      9.21473217010498,
      8.695732116699219,
      8.363821983337402,
      8.504297256469727,
      8.577983856201172,
