{
  "method": "cql",
  "cvr_rollout": {
    "C1_hypotension": 0.05646153911948204,
    "C2_metabolic": 0.001692307647317648,
    "C3_cumulative": 0.08553846180438995,
    "C4_withdrawal": 0.023384615778923035,
    "total_cvr": 0.04176923260092735
  },
  "safe_actions": {
    "intervention_rate": 0.15615384615384614,
    "interventions": 1015,
    "total_steps": 6500,
    "blocked_per_constraint": [
      367,
      0,
      513,
      161
    ],
    "all_unsafe_episodes": 47,
    "safe_C1_hypotension": 0.0003076923021581024,
    "safe_C2_metabolic": 0.007846154272556305,
    "safe_C3_cumulative": 0.0032307691872119904,
    "safe_C4_withdrawal": 0.0007692307699471712,
    "safe_total_cvr": 0.0030384615529328585
  },
  "bc_accuracy": {
    "top1": 0.04246153846153846,
    "top1_norm": 0.002564102564102562,
    "top3": 0.07938461538461539,
    "top3_norm": 0.0,
    "top5": 0.16646153846153847,
    "top5_norm": 0.0,
    "top1_argmax": 0.04246153846153846,
    "fluid_top1": 0.19953846153846153,
    "vaso_top1": 0.18107692307692308
  },
  "survival_rate": {
    "sr_clinician": 0.6001565977147051,
    "sr_policy": 0.6733252809720944,
    "delta_sr": 0.07316868325738934,
    "ci_lo": 0.07083846500142181,
    "ci_hi": 0.07564594262117962,
    "n_patients": 325,
    "survival_rate": 0.6001565977147051,
    "n_trajectories": 325,
    "n_survived": 198
  },
  "fqe": {
    "v_fqe": 6.19924557539133,
    "v_fqe_std": 1.0221622547351947,
    "v_wis_clinician": 0.0,
    "delta_v": 6.19924557539133,
    "val_bellman_loss": 9.822288513183594,
    "n_epochs_trained": 30,
    "fqe_value": 6.19924557539133,
    "fqe_std": 1.0221622547351947,
    "fqe_value_list": [
      6.124489784240723,
      6.282050132751465,
      5.841272354125977,
      6.417089462280273,
      5.739692687988281,
      6.12237548828125,
      7.294236183166504,
      5.603238582611084,
      6.83211088180542,
      5.674716472625732,
      5.095797061920166,
      7.384031772613525,
      5.315414905548096,
      6.200559139251709,
      6.225472450256348,
      6.438440799713135,
      6.205912113189697,
      6.268907070159912,
      8.944477081298828,
      6.028518199920654,
      5.66034460067749,
      5.1446356773376465,
      7.252583026885986,
      6.070788383483887,
      5.179652690887451,
      4.703817367553711,
      5.398451805114746,
      6.015401363372803,
      5.653289794921875,
      7.111492156982422,
      6.993770122528076,
      6.203563690185547,
      5.430872440338135,
      5.8995890617370605,
      6.697462558746338,
      4.583369255065918,
      5.842962265014648,
      5.709953308105469,
      6.86453104019165,
      4.780025005340576,
      7.9354939460754395,
      6.736340045928955,
      6.034209728240967,
      6.25199031829834,
      5.842529296875,
      6.8334126472473145,
      5.980079174041748,
      7.873721599578857,
      7.0951337814331055,
      5.600076675415039,
      5.546982288360596,
      7.7112202644348145,
      6.12579870223999,
      6.48258638381958,
      6.078761100769043,
      7.607546806335449,
      5.440135955810547,
      7.45583963394165,
      5.7026214599609375,
      4.5632004737854,
      8.526849746704102,
      6.736306190490723,
      5.513134002685547,
      5.338726043701172,
      6.093697547912598,
      6.086413860321045,
      7.166728496551514,
      4.669825553894043,
      5.094538688659668,
      5.475229263305664,
      5.957706928253174,
      7.221690654754639,
      5.9339070320129395,
      5.423739910125732,
      6.616677761077881,
      6.414987087249756,
      6.523293972015381,
      6.160818576812744,
      4.606420993804932,
      6.179080009460449,
      4.210413932800293,
      5.644280910491943,
      5.716302394866943,
      6.3064141273498535,
      6.719128608703613,
      7.620612621307373,
      8.185121536254883,
      6.5865797996521,
      7.566394329071045,
      6.6382036209106445,
      5.327083110809326,
      5.074304103851318,
      5.418132305145264,
      6.3797478675842285,
      4.5997724533081055,
      6.513253211975098,
      6.13091516494751,
      7.126860618591309,
      6.2600579261779785,
      6.007381439208984,
      7.8425984382629395,
      7.424630165100098,
      5.643349647521973,
      6.899350643157959,
      8.450797080993652,
      5.422396659851074,
      6.590415954589844,
      8.416044235229492,
      6.670324325561523,
      8.263733863830566,
      7.499650001525879,
      7.873889446258545,
      5.771900177001953,
      7.432859420776367,
      5.2317304611206055,
      6.465142726898193,
      5.88505220413208,
      5.436051368713379,
      7.001848220825195,
      5.788558006286621,
      5.505091667175293,
      8.160022735595703,
      5.4493088722229,
      5.102210521697998,
      4.757944583892822,
      8.20810604095459,
      4.930038928985596,
      5.986849308013916,
      6.283187389373779,
      5.337100028991699,
      6.664403438568115,
      5.57241153717041,
      6.174985408782959,
      6.010984897613525,
      7.13666296005249,
      5.8794989585876465,
      7.798318862915039,
      6.294241428375244,
      6.321684837341309,
      7.6218767166137695,
      5.383999347686768,
      6.2455902099609375,
      5.776872158050537,
      7.350671768188477,
      5.548746585845947,
      6.419656753540039,
      8.211312294006348,
      5.189355850219727,
      6.995258331298828,
      6.072323322296143,
      6.140627384185791,
      7.532551288604736,
      5.787014007568359,
      6.825681209564209,
      6.602766036987305,
      4.749601364135742,
      6.332932949066162,
      6.640199184417725,
      6.616701602935791,
      5.456230640411377,
      5.827789783477783,
      7.788605690002441,
      6.212947368621826,
      5.495720386505127,
      5.979079723358154,
      6.559237957000732,
      8.170698165893555,
      5.252669811248779,
      5.871685028076172,
      6.7657599449157715,
      5.782098770141602,
      3.9980859756469727,
      7.662402629852295,
      6.669127941131592,
      5.575795650482178,
      6.641781806945801,
      7.251385688781738,
      5.310302734375,
      8.601031303405762,
      5.770185470581055,
      6.400209426879883,
      4.889181137084961,
      7.033227443695068,
      6.73714542388916,
      7.802885055541992,
      5.7427873611450195,
      4.931663513183594,
      4.835737705230713,
      7.0793890953063965,
      4.074248790740967,
      7.169486999511719,
      8.488138198852539,
      6.711909294128418,
      4.650506973266602,
      5.919736862182617,
      5.947714328765869,
      6.577464580535889,
      5.948350429534912,
      5.065915584564209,
      7.314634799957275,
      7.419482231140137,
      7.116591453552246,
      5.68587589263916,
      6.7421979904174805,
      6.255928039550781,
      4.687254905700684,
      6.2361836433410645,
      5.992359638214111,
      5.456362724304199,
      6.212168216705322,
      4.988598823547363,
      5.981330871582031,
      3.3759241104125977,
      6.379281997680664,
      6.797529220581055,
      5.2657647132873535,
      6.406469345092773,
      5.2177019119262695,
      6.102038860321045,
      5.618197441101074,
      6.63613224029541,
      5.51525354385376,
      6.555398464202881,
      4.623547554016113,
      6.230742931365967,
      7.746868133544922,
      5.213386058807373,
      5.749936580657959,
      4.332278251647949,
      4.85195255279541,
      6.321500778198242,
      7.432660102844238,
      6.386076927185059,
      6.2373948097229,
      6.723913669586182,
      4.950643539428711,
      5.5046000480651855,
      6.551463603973389,
      7.382734775543213,
      6.0722880363464355,
      6.685194492340088,
      6.613463878631592,
      5.093933582305908,
      6.9029340744018555,
      6.990825176239014,
      5.115048408508301,
      4.89905309677124,
      5.955822467803955,
      5.4835004806518555,
      5.927890777587891,
      3.216946840286255,
      8.200058937072754,
      6.529031753540039,
